name,organisation,channel,url,category,reason_for_fit,suggested_angle,priority,status,utm_link,notes
"Friends of Figma, Lagos","Figma community chapter",community,https://friends.figma.com/lagos,nigerian-design-community,"Lagos chapter of Figma's official community programme, roughly 2,000 members, all of whom work in Figma and design for a Nigerian audience — the exact overlap of the Community file and the plugin.","Offer a short walkthrough at a chapter event: the 24px grid, the 16px proof strip, and why three weights are struck through in the plugin picker.",1,not-started,"https://icons.neustackstudio.com/?utm_source=fof-lagos&utm_medium=community&utm_campaign=ail-site-2026","High confidence. Contact via the chapter page's organiser links; do not DM individual organisers cold."
"Friends of Figma, Ibadan","Figma community chapter",community,https://friends.figma.com/ibadan,nigerian-design-community,"Second Nigerian Figma chapter outside Lagos; a set drawn for Nigerian products is directly usable by its members and the chapter is small enough that a specific offer gets read.","Same as Lagos but framed for a smaller room: bring the proof strip and ask what is missing from the backlog.",2,not-started,"https://icons.neustackstudio.com/?utm_source=fof-ibadan&utm_medium=community&utm_campaign=ail-site-2026","High confidence — chapter page confirmed live."
"Friends of Figma, Uyo","Figma community chapter",community,https://friends.figma.com/uyo,nigerian-design-community,"Third confirmed Nigerian chapter. Regional chapters surface concepts a Lagos-centric backlog will miss, which is exactly the input the project needs.","Ask directly: what object do you keep redrawing that is not in the set?",3,not-started,"https://icons.neustackstudio.com/?utm_source=fof-uyo&utm_medium=community&utm_campaign=ail-site-2026","High confidence. Lower priority only because of size, not fit."
"Friends of Figma, Nairobi","Figma community chapter",community,https://friends.figma.com/nairobi,african-design-community,"Roughly 900 members in Kenya. Relevant precisely because the library is Nigeria-first — the honest pitch is region as a first-class axis, not a claim to cover Kenya.","Lead with the region-tagging question: how should a first Kenyan pass be scoped, and who would define it?",2,not-started,"https://icons.neustackstudio.com/?utm_source=fof-nairobi&utm_medium=community&utm_campaign=ail-site-2026","High confidence. Do not imply the set covers East Africa; it does not."
"Friends of Figma, Accra","Figma community chapter",community,https://www.facebook.com/fofaccra/,african-design-community,"Ghanaian chapter, and the library has a concrete open question that belongs to Ghana: kente-cloth sits in the backlog and 'ayo vs oware' is an unresolved rename from the audit.","Ask them to settle ayo/oware and how kente-cloth should be region-tagged. A real question, not an announcement.",2,not-started,"https://icons.neustackstudio.com/?utm_source=fof-accra&utm_medium=community&utm_campaign=ail-site-2026","Facebook page confirmed; check whether the chapter has moved to friends.figma.com before sending."
"Friends of Figma Africa","Figma community programme",social,https://ng.linkedin.com/company/friends-of-figma-africa,african-design-community,"Umbrella account for the African Figma chapters — one contact that reaches several chapters at once, and its stated purpose is making design resources accessible across Africa.","Offer the Community file as a resource for chapters to use in workshops, with the grid page as teaching material.",1,not-started,"https://icons.neustackstudio.com/?utm_source=fof-africa&utm_medium=community&utm_campaign=ail-site-2026","High confidence. Best contacted after individual chapters, so it is not the first they hear of it."
"Figma Africa","Medium publication",publication,https://medium.com/figma-africa,african-design-community,"Publication run by the Figma Africa community; it publishes practitioner write-ups rather than news, which fits a piece about the audit and the validator far better than a launch note.","Offer a written piece: 'What auditing 86 African icons taught us about icon systems'. No product pitch in the body.",2,not-started,"https://icons.neustackstudio.com/?utm_source=figma-africa-medium&utm_medium=publication&utm_campaign=ail-v020-2026","Confirmed publication. Check last publish date — cadence has been irregular."
"IxDF Lagos","Interaction Design Foundation local group",community,https://www.interaction-design.org/local-group/africa/nigeria/lagos,nigerian-design-community,"Lagos UX/product-design local group with a mix of professionals and students; the students are the audience most likely to adopt an MIT icon set with no procurement conversation.","Offer a session on icon-system fundamentals using the library as the worked example — grid, live area, counters at 16px.",2,not-started,"https://icons.neustackstudio.com/?utm_source=ixdf-lagos&utm_medium=community&utm_campaign=ail-site-2026","Confirmed group page. Events are organiser-led; propose a topic rather than a product demo."
"GDG Lagos","Google Developer Groups",community,https://gdglagos.com/,nigerian-tech-community,"Developer and designer community in Lagos running DevFest Lagos in November 2026. The React package and the generated-component pipeline are a developer story, distinct from the design one.","Developer-framed: generated components, drift-checked in CI, tree-shakable imports, MIT. Time it to DevFest week.",2,not-started,"https://icons.neustackstudio.com/?utm_source=gdg-lagos&utm_medium=community&utm_campaign=ail-v020-2026","Confirmed. DevFest Lagos dates published for 13-14 November 2026 — verify before scheduling."
"GDG Cloud Lagos","Google Developer Groups",community,https://gdg.community.dev/gdg-cloud-lagos/,nigerian-tech-community,"Second active Lagos GDG chapter with a separate audience from GDG Lagos; useful for a repeat without repeating yourself to the same room.","The offline-by-build angle: a plugin whose privacy claim is a failing build rather than a policy document.",3,not-started,"https://icons.neustackstudio.com/?utm_source=gdg-cloud-lagos&utm_medium=community&utm_campaign=ail-v020-2026","Confirmed chapter page. Lower priority — cloud-focused audience, weaker fit."
"Design Week Lagos","Design Week Lagos",event,https://designweeklagos.com/,nigerian-design-community,"Nigeria's largest design festival, running 18-25 October 2026, and the week when the Nigerian design conversation is loudest. The library's phase 4 campaign is deliberately scheduled around it.","Not a sponsorship approach. Offer the audit story as a talk or a written contribution to their programme coverage.",1,not-started,"https://icons.neustackstudio.com/?utm_source=design-week-lagos&utm_medium=event&utm_campaign=ail-v020-2026","Confirmed, dates published. Approach through the general contact form; we are not an exhibitor and should not imply otherwise."
"Nairobi Design Week","Nairobi Design",event,https://www.nairobi.design/week/2026,african-design-community,"Long-running East African design festival, 11th edition in March 2026, with a stated 2026 theme about honesty and imperfection in design — an unusually good match for a library that publishes its own backlog.","Reference their theme directly and honestly: a set that ships less than it has drawn, and says why.",3,not-started,"https://icons.neustackstudio.com/?utm_source=nairobi-design-week&utm_medium=event&utm_campaign=ail-v020-2026","Confirmed. March 2026 edition has passed; this is an approach for the next cycle, not this launch."
"Design Week Africa","Design Week Africa",event,https://designweek.africa/,african-design-community,"Pan-African design programme; the correct place to test whether the Nigeria-first framing reads as honest or as a shortfall before the library expands regionally.","Ask rather than pitch: how should a Nigeria-first set describe itself without over-claiming the continent?",3,not-started,"https://icons.neustackstudio.com/?utm_source=design-week-africa&utm_medium=event&utm_campaign=ail-v020-2026","Medium confidence on current activity — confirm the site is maintained before sending."
"Design Indaba","Interactive Africa",publication,https://www.designindaba.com/,african-design-community,"The largest design-driven digital publication on the continent, running since 1995, with an editorial history of covering African design practice rather than African design products.","The audit as a design-practice story: what an icon library is, and why this one ships less than it drew.",2,not-started,"https://icons.neustackstudio.com/?utm_source=design-indaba&utm_medium=press&utm_campaign=ail-v020-2026","Confirmed and long-established. Pitch the practice angle; a product announcement will not land there."
"CcHUB Design Lab","Co-Creation Hub",community,https://cchub.africa/aof/design-lab-2/,nigerian-design-community,"CcHUB's design arm works on Nigerian public-interest products, which is precisely the context where a generic bowl standing in for jollof rice is a real usability problem rather than an aesthetic one.","Framed around their own work: which objects have their teams had to redraw, and would those belong in the backlog?",1,not-started,"https://icons.neustackstudio.com/?utm_source=cchub-design-lab&utm_medium=community&utm_campaign=ail-preview-2026","Confirmed. Approach through the general CcHUB contact route; do not cold-email named staff."
"Design Hub Kampala","Design Hub Kampala",community,https://www.afrilabs.com/hub/design-hub-kampala/,african-design-community,"East African design co-working hub with a working designer membership; a good test of whether the region-as-first-class-axis architecture reads as credible outside Nigeria.","Region tagging: what a Ugandan first pass would need, and who would confirm the names.",3,not-started,"https://icons.neustackstudio.com/?utm_source=design-hub-kampala&utm_medium=community&utm_campaign=ail-v020-2026","AfriLabs profile confirmed; locate the hub's own current site before sending. Medium confidence."
"Africa Design School","Africa Design School",education,https://wdo.org/the-first-design-school-in-west-africa/,design-education,"The first design school in West Africa, with Bachelor programmes in digital and graphic design — students who need a free, well-documented icon system and a worked example of a drawing spec.","Offer the spec and the validator as teaching material. The library is a small enough system for a student to read end to end.",2,not-started,"https://icons.neustackstudio.com/?utm_source=africa-design-school&utm_medium=education&utm_campaign=ail-v020-2026","URL is a World Design Organization reference page, not the school's own site — find and verify the official domain before sending. Medium confidence."
"African Digital Art","African Digital Art",publication,https://www.africandigitalart.com/,african-design-community,"A 17-year archive of African digital creative work that has published specifically on African typography and culture-driven type design, including Adinkra-derived typefaces — an editorial line that already covers this exact problem.","The reference-set argument: every icon set encodes the vocabulary of whoever drew it, and this one names its own.",1,not-started,"https://icons.neustackstudio.com/?utm_source=african-digital-art&utm_medium=press&utm_campaign=ail-v020-2026","Confirmed active with recent typography coverage. Strong fit."
"Nataal","Nataal",publication,https://nataal.com/,african-design-community,"Global media brand covering contemporary African arts, design and culture, with a track record of profiling African design practice for an international readership.","The cultural-naming process, not the icons: a library that refuses to name a cap it cannot identify.",3,not-started,"https://icons.neustackstudio.com/?utm_source=nataal&utm_medium=press&utm_campaign=ail-v020-2026","Confirmed. Fashion and art weighted — icons may be outside their remit. Low expectation, high value if it lands."
"Open Source Community Africa","OSCA",community,https://oscafrica.org/community,open-source-community,"Over 5,000 African open-source contributors, explicitly including designers, and an organisation whose stated aim is raising credible African contributions to open source. The project's ask is a contribution ask.","Lead with the contribution list: the cap that will not ship, the five unresolved renames, the 32-row name review.",1,not-started,"https://icons.neustackstudio.com/?utm_source=osca&utm_medium=community&utm_campaign=ail-preview-2026","Confirmed. Also active at github.com/oscafrica and blog.oscafrica.org. Strongest single fit in the list."
"She Code Africa","She Code Africa",community,https://shecodeafrica.org/community,open-source-community,"Non-profit with a large African women-in-tech membership and a documented open-source mentorship track run with OSCA — a route to first-time contributors for whom a small, well-documented repository is an ideal starting point.","Frame the good-first-issue set honestly: the validator explains exactly which rule you broke, which makes a first PR tractable.",2,not-started,"https://icons.neustackstudio.com/?utm_source=she-code-africa&utm_medium=community&utm_campaign=ail-preview-2026","Confirmed active site with chapters and events pages."
"Open Source Design","Open Source Design",community,https://opensourcedesign.net/contribute/,open-source-community,"A community specifically for designers working in open source, with a jobs board and a forum built around design contributions to OSS projects — the narrow intersection this project sits in.","Post the design-contribution asks, not a release note. The forum audience responds to concrete tasks.",1,not-started,"https://icons.neustackstudio.com/?utm_source=open-source-design&utm_medium=community&utm_campaign=ail-preview-2026","Confirmed, with an active Discourse at discourse.opensourcedesign.net."
"Design Systems Slack","design.systems",community,https://design.systems/,design-systems,"The long-running open Slack for design-systems practitioners; the validator-and-provenance model is directly reusable by people there, independent of whether they need African icons.","Share the approach, not the icons: executable promises, drift gates, and a weight rule that fails the build.",2,not-started,"https://icons.neustackstudio.com/?utm_source=design-systems-slack&utm_medium=community&utm_campaign=ail-v020-2026","Confirmed. Read the channel rules first — self-promotion norms vary by channel."
"zheroes","zeroheight",community,https://zeroheight.com/slack/,design-systems,"Design-systems Slack community run by zeroheight and open to non-customers; heavy on token, component and governance discussion, where 'how do you stop a spec drifting' is a live question.","The generated-output drift gate: committed generated code plus a CI check that fails if it diverges from its inputs.",3,not-started,"https://icons.neustackstudio.com/?utm_source=zheroes&utm_medium=community&utm_campaign=ail-v020-2026","Confirmed invite page. Vendor-run community — keep the post tool-agnostic."
"YorubaNames","Yorùbá Name Project",language-project,https://www.yorubaname.com/contact-us,language-project,"A documentation project for Yorùbá names run by linguists and volunteer developers, founded by Kọ́lá Túbọ̀sún, with an open API and a submissions process. The library has two pending Yorùbá names and zero confirmed ones.","The narrow question first: gangan or dùndún for the drum we drew. Then the 32-row list.",1,not-started,"https://icons.neustackstudio.com/?utm_source=yorubanames&utm_medium=language-project&utm_campaign=ail-preview-2026","Confirmed, with a public contact page. Highest-value contact in the entire list. Offer payment."
"Igbo API / Nkọwa okwu","Igbo API",language-project,https://igboapi.com,language-project,"An open-source Igbo-English dictionary and API with thousands of entries and dialect variations — an organisation already solving the exact problem of recording a name with its variation rather than flattening it.","Ask how they model dialect variation, then ask whether anyone would review the Igbo rows.",1,not-started,"https://icons.neustackstudio.com/?utm_source=igbo-api&utm_medium=language-project&utm_campaign=ail-preview-2026","Project confirmed via independent coverage; the exact domain was not verified in research — check before sending. Offer payment."
"Masakhane","Masakhane",language-project,https://github.com/masakhane-io/masakhane-community,language-project,"Grassroots African NLP collective with over 2,000 members and published datasets across Nigerian languages; a community where 'we have zero confirmed local names and will not guess' is an argument that needs no explanation.","Frame the metadata review-state field as a data-quality decision, and ask for reviewers for Hausa and Igbo rows.",2,not-started,"https://icons.neustackstudio.com/?utm_source=masakhane&utm_medium=language-project&utm_campaign=ail-preview-2026","Confirmed GitHub org and community docs. Contact via the community repository, not individual researchers."
"Lanfrica","Lanfrica",language-project,https://lanfrica.com/,language-project,"A catalogue of African language resources; a confirmed local-name set with review states attached would be a listable resource, and their audience is the reviewer pool the project needs.","Offer the local-names dataset as a resource once names are confirmed — not before.",3,not-started,"https://icons.neustackstudio.com/?utm_source=lanfrica&utm_medium=language-project&utm_campaign=ail-v020-2026","Confirmed. Approach only after at least one language is confirmed; there is nothing to list today."
"Wikimedia community, Nigeria","Wikimedia Foundation affiliate",community,https://meta.wikimedia.org/,language-project,"Nigerian Wikimedia volunteers work daily on Yoruba, Hausa and Igbo content and on sourcing claims rather than asserting them — the same discipline the library applies to icon names.","The naming rule, told as a sourcing problem: an unverified referent is an unsourced claim.",3,not-started,"https://icons.neustackstudio.com/?utm_source=wikimedia-ng&utm_medium=community&utm_campaign=ail-v020-2026","Exact user-group page not verified in research — search Meta for the current Nigerian user group before sending. Low confidence on URL, high confidence the group exists."
"Iconify","Iconify",directory,https://iconify.design/docs/articles/add-icon-set/,icon-directory,"Iconify aggregates 200+ open-source icon sets and has a documented submission process requiring an open licence and an automatable source — both of which this repository already satisfies.","No pitch needed. Follow the documented submission requirements: public repo, MIT, automated updates.",1,not-started,"https://icons.neustackstudio.com/?utm_source=iconify&utm_medium=directory&utm_campaign=ail-preview-2026","Confirmed submission documentation. Requires npm or a public git source, so this depends on phase 1 completing."
"Iconduck","Iconduck",directory,https://iconduck.com/,icon-directory,"A search index of hundreds of open-source icon and illustration sets; inclusion puts the set in front of people searching for a specific object rather than for a library.","Submit through their listed process. Emphasise the single licence across every asset.",2,not-started,"https://icons.neustackstudio.com/?utm_source=iconduck&utm_medium=directory&utm_campaign=ail-site-2026","Ownership appears to have changed — the domain now surfaces under a commercial icon brand. Verify the submission route still exists before spending time on it."
"SVG Repo","SVG Repo",directory,https://www.svgrepo.com/,icon-directory,"A large SVG search index used as a first stop by designers hunting a specific glyph; a searcher looking for 'danfo' will not find one anywhere else.","Submit the set with the category structure intact so the Nigerian concepts are findable by name.",2,not-started,"https://icons.neustackstudio.com/?utm_source=svgrepo&utm_medium=directory&utm_campaign=ail-site-2026","Confirmed active. Check licence-display requirements before submitting."
"Icônes","Icônes",directory,https://icones.js.org/,icon-directory,"A fast icon browser built on Iconify's collections and widely used by front-end developers; inclusion here follows automatically from Iconify acceptance rather than needing a separate pitch.","No separate outreach. Verify the set appears once Iconify accepts it.",3,not-started,"https://icons.neustackstudio.com/?utm_source=icones&utm_medium=directory&utm_campaign=ail-site-2026","Confirmed. Downstream of the Iconify submission — track, do not pitch."
"Iconbuddy","Iconbuddy",directory,https://iconbuddy.com/,icon-directory,"An open-source icon search engine indexing 300,000+ icons across sets; another surface where a specific-object search is the discovery path.","Standard directory submission. No narrative required.",3,not-started,"https://icons.neustackstudio.com/?utm_source=iconbuddy&utm_medium=directory&utm_campaign=ail-site-2026","Confirmed active. Likely downstream of Iconify; check before duplicating effort."
"free-icon-resources","Community-maintained list",directory,https://github.com/noahelhadedy/free-icon-resources,icon-directory,"A curated GitHub list of 150+ free icon resources organised by type, including open-source sets and regional collections; a pull request is a legitimate, low-noise way in.","Open a PR adding the set with an accurate one-line description. Do not overstate the count.",3,not-started,"https://icons.neustackstudio.com/?utm_source=free-icon-resources&utm_medium=directory&utm_campaign=ail-site-2026","Confirmed repository. Check the list's contribution rules; some curated lists reject self-submissions."
"Prototypr","Prototypr",publication,https://prototypr.io/,design-press,"A design publication with a tools directory that already lists open-source icon resources, and an editorial history of publishing process pieces by the people who made the thing.","Offer the process piece: from an 86-drawing audit to a validator that fails the build.",2,not-started,"https://icons.neustackstudio.com/?utm_source=prototypr&utm_medium=press&utm_campaign=ail-v020-2026","Confirmed toolbox listings. Verify current editorial cadence before pitching."
"Sidebar","Sidebar",newsletter,https://sidebar.io/,design-newsletter,"Five hand-picked design links every weekday since 2012, with an open submission route; a single Sidebar placement reaches more working designers than most design publications.","Submit the status page or the spec, not the home page. The unusual artefact is the one that gets picked.",1,not-started,"https://icons.neustackstudio.com/?utm_source=sidebar&utm_medium=newsletter&utm_campaign=ail-site-2026","Confirmed, though the newsletter has taken breaks — verify it is publishing in the week you submit."
"UX Collective","UX Collective",newsletter,https://uxdesign.cc/,design-newsletter,"One of the largest design publications on the web with a weekly curated newsletter that regularly features design-systems and accessibility long-form writing.","Submit the founder essay, not the launch. Their newsletter favours argument over product.",1,not-started,"https://icons.neustackstudio.com/?utm_source=ux-collective&utm_medium=newsletter&utm_campaign=ail-v020-2026","Confirmed active. Both a publication and a newsletter — read submission guidelines for each."
"TOOOLS.design","TOOOLS.design",newsletter,https://www.toools.design/,design-newsletter,"A curated directory and newsletter of design resources whose whole editorial purpose is surfacing free, well-made tools and asset libraries — the most direct match for an MIT icon set.","Straight resource submission. Lead with MIT, one grid, one weight, and say the count plainly.",1,not-started,"https://icons.neustackstudio.com/?utm_source=toools-design&utm_medium=newsletter&utm_campaign=ail-site-2026","Confirmed and actively publishing in 2026."
"Figmalion","Figmalion",newsletter,https://figmalion.com/,design-newsletter,"A weekly newsletter dedicated entirely to Figma, covering plugin launches and community files specifically — the single best-targeted newsletter for phase 2 and phase 3.","Submit the plugin, and lead with the offline-by-build claim. That is the part that is unusual for a Figma plugin.",1,not-started,"https://icons.neustackstudio.com/?utm_source=figmalion&utm_medium=newsletter&utm_campaign=ail-plugin-2026","Confirmed, weekly, with a public archive. Time the submission to plugin approval, not submission."
"Product Disrupt","Product Disrupt",newsletter,https://productdisrupt.com/,design-newsletter,"A long-running curated design newsletter with a published issue archive, favouring resources and process writing over news.","The audit findings as a short read, with the library as the outcome rather than the subject.",2,not-started,"https://icons.neustackstudio.com/?utm_source=product-disrupt&utm_medium=newsletter&utm_campaign=ail-v020-2026","Confirmed with numbered issue archive."
"Design Systems News","news.design.systems",newsletter,https://news.design.systems/,design-systems,"A design-systems newsletter still publishing in 2026; its readers are the people who care that a weight ships for the whole set or fails the build.","The weight-completeness rule and the generated-output drift gate. Two paragraphs, no product framing.",1,not-started,"https://icons.neustackstudio.com/?utm_source=news-design-systems&utm_medium=newsletter&utm_campaign=ail-v020-2026","Confirmed active as of mid-2026."
"Design Systems News (Onori)","designsystems.news",newsletter,https://designsystems.news/,design-systems,"A separate weekly design-systems editorial by PJ Onori with a strong bias toward opinionated writing about system design rather than tool announcements.","Lead with the anti-claim: why we refuse to synthesise weights from stroke-width.",2,not-started,"https://icons.neustackstudio.com/?utm_source=designsystems-news&utm_medium=newsletter&utm_campaign=ail-v020-2026","Distinct from news.design.systems — confirm which is which before writing, they are easy to confuse."
"Smashing Magazine","Smashing Media",publication,https://www.smashingmagazine.com/,design-press,"Publishes long, technical front-end and design-systems articles and has a standing interest in SVG practice; the analytic-bounds and currentColor material is genuinely publishable there on its own merits.","Pitch an article on validating SVG icon sets in CI — bounds with curve extrema, allow-lists, drift gates. The library is the example.",1,not-started,"https://icons.neustackstudio.com/?utm_source=smashing&utm_medium=press&utm_campaign=ail-v020-2026","Confirmed. Follow their published author guidelines; this is an article pitch, not a press release."
"It's Nice That","It's Nice That",publication,https://www.itsnicethat.com/,design-press,"Runs a recurring 'The View From Lagos' strand covering Nigerian graphic design and type; a publication that has already decided this subject matters to its readers.","The reference-set argument, told through Lagos: who decides what the default visual vocabulary contains.",1,not-started,"https://icons.neustackstudio.com/?utm_source=itsnicethat&utm_medium=press&utm_campaign=ail-v020-2026","Confirmed with recent Lagos type-design coverage. Strong fit for the culture angle."
"Creative Boom","Creative Boom",publication,https://www.creativeboom.com/,design-press,"A widely read creative-industry publication that regularly covers free and open resources for designers.","Resource-led: MIT, no attribution, and a list of what has not been drawn.",3,not-started,"https://icons.neustackstudio.com/?utm_source=creative-boom&utm_medium=press&utm_campaign=ail-v020-2026","Confirmed. UK-weighted readership; treat as a secondary target."
"AIGA Eye on Design","AIGA",publication,https://eyeondesign.aiga.org/,design-press,"Editorial focus on design practice, labour and representation rather than product launches; the question of whose vocabulary an icon set encodes is squarely their subject.","Who draws the default: a piece about the reference set inside every icon library.",2,not-started,"https://icons.neustackstudio.com/?utm_source=eye-on-design&utm_medium=press&utm_campaign=ail-v020-2026","Confirm current publishing cadence before pitching — output has varied in recent years. Medium confidence."
"Dezeen","Dezeen",publication,https://www.dezeen.com/,design-press,"Maintains an events guide that already lists Design Week Lagos and Nairobi Design Week, so African design programming is within their editorial scope.","Only worth pitching alongside Design Week Lagos week. A standalone icon-library pitch will not land.",3,not-started,"https://icons.neustackstudio.com/?utm_source=dezeen&utm_medium=press&utm_campaign=ail-v020-2026","Confirmed. Architecture and product weighted — low probability, listed for completeness."
"Frontend Focus","Cooperpress",newsletter,https://frontendfoc.us/,dev-newsletter,"A weekly HTML, CSS and browser-technology newsletter with a large front-end readership and an open link-submission route; SVG tooling is regular subject matter.","Submit the spec or the validator write-up, not the icon browser. The technical artefact is what fits.",2,not-started,"https://icons.neustackstudio.com/?utm_source=frontend-focus&utm_medium=newsletter&utm_campaign=ail-preview-2026","Confirmed, weekly, curated by Chris Brandrick. Submissions via the site."
"JavaScript Weekly","Cooperpress",newsletter,https://cooperpress.com/publications/,dev-newsletter,"Same publisher as Frontend Focus with a much larger list; relevant because of the generated React package rather than the drawings.","One line about hook-free generated components that work in Server Components, plus MIT.",3,not-started,"https://icons.neustackstudio.com/?utm_source=javascript-weekly&utm_medium=newsletter&utm_campaign=ail-preview-2026","Confirmed publisher page. Weaker fit than Frontend Focus — submit to one, not both, in the same week."
"Bytes","bytes.dev",newsletter,https://bytes.dev/,dev-newsletter,"A large twice-weekly JavaScript newsletter with a conversational tone that suits an honest, self-deprecating framing of a small library.","Lead with the number being small and the reason. That framing suits their voice better than a feature list.",3,not-started,"https://icons.neustackstudio.com/?utm_source=bytes-dev&utm_medium=newsletter&utm_campaign=ail-preview-2026","Confirmed active with a large subscriber base. Low probability of inclusion; cheap to try."
"TLDR Design","TLDR",newsletter,https://tldr.tech/design,dev-newsletter,"A daily design digest aimed at a technical readership, which is the audience most likely to appreciate a CI-enforced spec.","One-line submission: an icon library whose spec is a command, not a document.",3,not-started,"https://icons.neustackstudio.com/?utm_source=tldr-design&utm_medium=newsletter&utm_campaign=ail-v020-2026","Verify the design edition is still running and find the current submission route. Medium confidence."
"TechCabal","Big Cabal Media",press,https://techcabal.com/,african-tech-press,"A pan-African technology publication that covers African product and design work, not only funding rounds; a Nigerian open-source release with a documented process is within its beat.","The audit and the decision to ship less. Avoid framing it as a startup launch — it is not a company story.",1,not-started,"https://icons.neustackstudio.com/?utm_source=techcabal&utm_medium=press&utm_campaign=ail-v020-2026","Confirmed and long-established. Pitch a named reporter who has covered design or open source, not the general desk."
"Techpoint Africa","Businessfront",press,https://techpoint.africa/contact-us/,african-tech-press,"Nigeria's highest-traffic tech publication as of the 2026 rankings, with a public contact route and a readership of Nigerian product and engineering people — the direct users of this library.","Nigerian product teams have been redrawing a danfo for years. Here is one, MIT, with the backlog published.",1,not-started,"https://icons.neustackstudio.com/?utm_source=techpoint-africa&utm_medium=press&utm_campaign=ail-v020-2026","Confirmed with a published contact page. Highest-reach African tech target in the list."
"Condia","Condia",press,https://thecondia.com/,african-tech-press,"Formerly Benjamindada.com, with a stated focus on product reviews and analysis rather than announcements — a publication that will actually open the repository.","Offer a hands-on review: install it, try to break the offline claim, tell readers what it cannot do.",1,not-started,"https://icons.neustackstudio.com/?utm_source=condia&utm_medium=press&utm_campaign=ail-v020-2026","Confirmed rebrand from Benjamindada. Use the current name and domain; the old one still circulates."
"Technext","Technext",press,https://technext24.com/,african-tech-press,"Nigerian technology publication covering the local product ecosystem; a fourth outlet in the same market, useful for coverage breadth rather than depth.","Same as Techpoint, shortened. Send after the first two have run or declined.",3,not-started,"https://icons.neustackstudio.com/?utm_source=technext&utm_medium=press&utm_campaign=ail-v020-2026","Domain not directly verified in research — confirm before sending. Medium confidence."
"Disrupt Africa","Disrupt Africa",press,https://disruptafrica.com/,african-tech-press,"Pan-African startup and technology news with a long publishing history; broader African reach than the Nigeria-focused outlets.","Frame the pan-African roadmap honestly: Nigeria first, region as a first-class field, kente-cloth still in the backlog.",3,not-started,"https://icons.neustackstudio.com/?utm_source=disrupt-africa&utm_medium=press&utm_campaign=ail-v020-2026","Confirm the exact domain — the publication has been referenced under more than one spelling. Medium confidence."
"Built In Africa","Built In Africa",press,https://www.builtinafrica.io/,african-tech-press,"Publishes profiles of African builders and their projects, including software engineers working on African language technology — the same territory as the library's naming problem.","Profile angle: the decision to hold a valid drawing rather than name a cap nobody could identify.",2,not-started,"https://icons.neustackstudio.com/?utm_source=built-in-africa&utm_medium=press&utm_campaign=ail-v020-2026","Confirmed via published articles on African language projects."
"Rest of World","Rest of World",press,https://restofworld.org/,global-tech-press,"Reports on technology outside the Western default, and has a standing interest in how global software fails local contexts — which is exactly what a dollar sign in front of a naira figure is.","The default-vocabulary story: what happens when the interface primitives were drawn somewhere else.",2,not-started,"https://icons.neustackstudio.com/?utm_source=rest-of-world&utm_medium=press&utm_campaign=ail-v020-2026","Confirmed. Long lead times and a high bar; pitch the idea, not the product."
"Zikoko","Big Cabal Media",publication,https://www.zikoko.com/,nigerian-culture-press,"Nigeria's most widely shared youth-culture publication, with an audience that will recognise a danfo, a suya skewer and a ludo board instantly and has strong opinions about how they are drawn.","Not a tech pitch. Offer the icons as a cultural artefact and invite readers to say which drawings are wrong.",2,not-started,"https://icons.neustackstudio.com/?utm_source=zikoko&utm_medium=press&utm_campaign=ail-v020-2026","Confirmed. Tone matters enormously here — a corporate press release will be ignored or mocked."
"Culture Custodian","Culture Custodian",publication,https://culturecustodian.com/,nigerian-culture-press,"A Nigerian youth-culture publication and digital archive founded in 2014, covering the objects and references this library draws.","The archive framing: what it means to draw everyday Nigerian objects into a permanent, MIT-licensed set.",2,not-started,"https://icons.neustackstudio.com/?utm_source=culture-custodian&utm_medium=press&utm_campaign=ail-v020-2026","Confirmed publication; verify current domain spelling before sending. Medium-high confidence."
"The Republic","The Republic",publication,https://republic.com.ng/,nigerian-culture-press,"Long-form analysis of African politics, business and culture; the only outlet on this list likely to publish 2,000 words on who controls a default visual vocabulary.","An essay commission, not coverage: representation as an infrastructure question rather than an aesthetic one.",3,not-started,"https://icons.neustackstudio.com/?utm_source=the-republic&utm_medium=press&utm_campaign=ail-v020-2026","Confirm the exact domain before sending. Medium confidence. Long lead times."
"The NATIVE","The NATIVE",publication,https://thenativemag.com/,nigerian-culture-press,"Nigerian youth-culture magazine with a strong design and visual-arts strand and an audience that overlaps heavily with young Nigerian designers.","Visual-led: the drawings themselves, at size, with the objects named.",3,not-started,"https://icons.neustackstudio.com/?utm_source=the-native&utm_medium=press&utm_campaign=ail-v020-2026","Confirm the exact domain before sending. Medium confidence."
"Show HN","Hacker News",forum,https://news.ycombinator.com/show,forum,"A technical audience that responds well to a small, verifiable project with a documented constraint, and reliably interrogates claims like 'the build fails if fetch reaches the bundle'.","Title it plainly: 'Show HN: Open-source icons for African life, validated in CI'. Be present in the thread all day.",2,not-started,"https://icons.neustackstudio.com/?utm_source=hacker-news&utm_medium=forum&utm_campaign=ail-site-2026","One shot only. Post after the website is live, never before. Expect scrutiny of the count — answer it honestly."
"Product Hunt","Product Hunt",forum,https://www.producthunt.com/,forum,"A launch surface with a design-tools audience; the Figma plugin is the launchable artefact rather than the repository.","Launch the plugin, not the library, and put the undrawn weights in the description rather than the comments.",3,not-started,"https://icons.neustackstudio.com/?utm_source=product-hunt&utm_medium=forum&utm_campaign=ail-plugin-2026","One shot only. Weak fit for open-source libraries with no commercial hook; low expectation."
"Designer News","Designer News",forum,https://www.designernews.co/,forum,"A designer-run link community where free, open resources are a recurring category.","Straight link post with an honest one-line description including the count.",3,not-started,"https://icons.neustackstudio.com/?utm_source=designer-news&utm_medium=forum&utm_campaign=ail-site-2026","Confirm activity levels before spending time — the community is quieter than it was."
"DEV Community","DEV",forum,https://dev.to/,forum,"A developer publishing platform with an active African developer readership and a norm of publishing build write-ups rather than announcements.","Publish the technical write-up: analytic curve bounds, the element allow-list, and the drift gate.",2,not-started,"https://icons.neustackstudio.com/?utm_source=dev-to&utm_medium=forum&utm_campaign=ail-preview-2026","Confirmed and active. Cross-post the article rather than linking out."
"r/web_design","Reddit",forum,https://www.reddit.com/r/web_design/,forum,"A large web-design subreddit where free resource posts perform well when the poster is the maker and says so.","Post as the maker, disclose it, lead with the limits. Read the subreddit's self-promotion rules first.",3,not-started,"https://icons.neustackstudio.com/?utm_source=reddit-webdesign&utm_medium=forum&utm_campaign=ail-site-2026","Self-promotion rules are strictly enforced. If in doubt, do not post — a removal costs more than the post was worth."
